code_gestionnaire,nom_gestionnaire
20001,MOHAMADOU Alain
20002,MOUAFO Joseph
20003,EBODE Élodie
20004,NGUEMO Clarisse
20005,NGUEMO Landry Serge
20006,YOUMBI Roger
20007,ISSA Martin
20008,NDIFOR Walter
20009,KAMGA Sylvie Viviane
20010,MAHAMAT Zenabou Marie
20011,TIDJANI Adamou
20012,BELLO Ousmane Roger
20013,MEYONG Colette
20014,OWONA Mireille Christelle
20015,NGONO Gisèle
20016,POKAM Guy
20017,MOHAMADOU Solange
20018,BAKARI Rachel
20019,KOUOGANG Hervé
20020,NYAMBI Beatrice Pauline
20021,TCHOUPO Larissa
20022,OUSMAN Roger
20023,BIYONG Steve
20024,IBRAHIMA Souleymanou
20025,TANYI Cynthia
20026,OWONO Danielle
20027,NJIKI Joseph
20028,MBAH Patrick
20029,FORCHA Precious
20030,NYAMBI Grace
20031,OWONA Guy
20032,YOUMBI Solange
20033,KAMGA Gilbert
20034,ONDOUA Élodie
20035,MOHAMADOU Ousmane Pierre
20036,ACHU Lucas
20037,FOKOU Solange
20038,NGATCHOU Maxime
20039,KEUMO Guy
20040,POKAM Célestin
20041,TAMFU Juliet
20042,NGU Clifford
20043,TATSINKOU Joseph
20044,TAGNE Gilbert Arnaud
20045,MEGNE Blaise
20046,EKAMBI Wilfried
20047,MINKOULOU Emmanuel
20048,DJOMO Wilfried Gilbert
20049,BEKONO Hervé
20050,ACHU Fidelis Hervé
20051,SIMO Rodrigue Emmanuel
20052,TCHOUANKEU Estelle Larissa
20053,NANA Viviane Danielle
20054,FORCHA Serge
20055,NOUMBISSI Aristide
20056,ELAME Colette
20057,MINKOULOU Junior
20058,BIYONG Chantal
20059,TEGUIA Yannick
20060,OWONO Danielle Marie
20061,ELOUNDOU Patrick
20062,TCHINDA Josiane Christelle
20063,SALI Adamou
20064,FOTSO Franck
20065,ATABONG Martin Éric
20066,TAKOR Susan Marie
20067,NGUEMO Solange
20068,WAMBA Clarisse Colette
20069,BELLO Léonard
20070,MINKOULOU Martin
20071,SAMA Arnaud
20072,FOKOU Éric
20073,NOUMBISSI Sylvie
20074,DONFACK Brigitte Bernadette
20075,AMOUGOU Rachel
20076,HAMADOU Oumarou
20077,AMOUGOU Christelle
20078,WAMBA Junior
20079,TCHOUANKEU Patrick
20080,BESONG Eunice
